City_ID,City,Lat,Lng,Max Temp,Humidity,Cloudiness,Wind Speed,Country,Date
0,port alfred,-33.5906,26.891,70.18,91,100,1.99,ZA,1675807397
1,peniche,39.3558,-9.3811,49.44,76,4,7.11,PT,1675807397
2,belaya gora,68.5333,146.4167,-46.5,100,96,2.57,RU,1675807182
3,safford,32.834,-109.7076,58.75,24,75,8.01,US,1675807405
4,chuy,-33.6971,-53.4616,75.85,66,0,10.78,UY,1675807406
5,mataura,-46.1927,168.8643,52.48,83,87,9.78,NZ,1675807406
6,busselton,-33.65,115.3333,62.69,84,27,9.62,AU,1675807406
7,madera,37.1666,-119.8343,62.76,84,74,3.27,US,1675807393
8,mar del plata,-38.0023,-57.5575,75.22,88,40,18.01,AR,1675807118
9,ponta do sol,32.6667,-17.1,60.01,63,13,4.54,PT,1675807413
10,douchy-les-mines,50.3008,3.3927,37.99,66,94,5.32,FR,1675807416
11,cape town,-33.9258,18.4232,71.38,75,20,17.27,ZA,1675807420
12,alugan,12.2188,125.4808,79.0,76,100,12.77,PH,1675807421
13,namibe,-15.1961,12.1522,71.02,75,69,9.73,AO,1675807421
14,alofi,-19.0595,-169.9187,76.89,94,100,6.91,NU,1675807422
15,nanortalik,60.1432,-45.2371,5.4,68,41,22.88,GL,1675807423
16,longyearbyen,78.2186,15.6401,21.04,93,100,31.07,SJ,1675807423
17,klaksvik,62.2266,-6.589,47.32,86,100,53.24,FO,1675807353
18,wanning,18.8003,110.3967,71.28,93,17,3.24,CN,1675807424
19,butaritari,3.0707,172.7902,81.18,79,100,22.17,KI,1675807425
20,punta arenas,-53.15,-70.9167,60.91,59,75,14.97,CL,1675807425
21,turukhansk,65.8167,87.9833,3.7,96,100,6.51,RU,1675807426
22,los llanos de aridane,28.6585,-17.9182,56.95,85,75,13.8,ES,1675807426
23,fairbanks,64.8378,-147.7164,12.22,79,40,0.0,US,1675807426
24,neuquen,-38.9516,-68.0591,96.69,13,0,6.91,AR,1675807254
25,bluff,-46.6,168.3333,52.81,67,79,25.7,NZ,1675807260
26,albany,42.6001,-73.9662,38.68,47,100,7.0,US,1675807427
27,xining,36.6167,101.7667,26.35,88,100,1.54,CN,1675807213
28,anadyr,64.75,177.4833,-23.3,76,0,8.95,RU,1675807293
29,kapaa,22.0752,-159.319,80.92,83,40,11.5,US,1675807428
30,vestmanna,62.1564,-7.1664,45.52,81,100,37.98,FO,1675807428
31,atuona,-9.8,-139.0333,78.37,78,11,15.3,PF,1675807170
32,goma,-1.6792,29.2228,62.64,76,100,2.84,CD,1675807429
33,antofagasta,-23.65,-70.4,74.48,77,88,8.25,CL,1675807215
34,songea,-10.6833,35.65,64.96,91,100,1.88,TZ,1675807429
35,ivanava,52.1451,25.5365,27.75,93,100,6.64,BY,1675807430
36,hermanus,-34.4187,19.2345,68.81,80,62,12.73,ZA,1675807430
37,dharchula,29.85,80.5333,46.29,38,45,8.37,IN,1675807431
38,tuatapere,-46.1333,167.6833,53.02,71,67,14.56,NZ,1675807432
39,carnarvon,-24.8667,113.6333,76.37,68,0,18.5,AU,1675807432
40,georgetown,5.4112,100.3354,78.73,93,20,3.44,MY,1675807310
41,hobart,-42.8794,147.3294,58.86,65,75,10.36,AU,1675807233
42,bengkulu,-3.8004,102.2655,74.84,83,92,5.08,ID,1675807433
43,hot springs,34.5037,-93.0552,64.8,77,100,3.0,US,1675807232
44,talavera de la reina,39.9635,-4.8308,43.3,86,99,11.25,ES,1675807434
45,upernavik,72.7868,-56.1549,-19.37,97,83,2.98,GL,1675807434
46,oistins,13.0667,-59.5333,78.89,78,40,16.11,BB,1675807156
47,barrow,71.2906,-156.7887,-2.18,78,100,0.0,US,1675807435
48,hovd,48.0056,91.6419,0.1,77,22,1.74,MN,1675807435
49,khatanga,71.9667,102.5,-47.18,100,77,1.97,RU,1675807436
50,dingle,10.9995,122.6711,73.35,94,100,7.61,PH,1675807183
51,qaanaaq,77.484,-69.3632,-23.6,65,100,5.03,GL,1675807436
52,kavaratti,10.5669,72.642,79.81,71,96,13.02,IN,1675807437
53,hilo,19.7297,-155.09,73.13,96,100,3.0,US,1675807437
54,paraiso,9.8383,-83.8656,74.26,85,76,6.38,CR,1675807438
55,nizwa,22.9333,57.5333,69.66,35,19,2.17,OM,1675807438
56,san quintin,30.4833,-115.95,64.24,37,0,9.66,MX,1675807439
57,clarence town,-32.5833,151.7833,77.95,67,51,6.78,AU,1675807439
58,anloga,5.7947,0.8973,81.23,81,51,11.5,GH,1675807439
59,portland,45.5234,-122.6762,50.63,91,100,10.0,US,1675807319
60,japura,-0.3167,102.35,72.61,94,100,1.45,ID,1675807440
61,tuktoyaktuk,69.4541,-133.0374,-27.4,75,100,3.44,CA,1675807243
62,puerto ayora,-0.7393,-90.3518,85.96,91,28,8.99,EC,1675807340
63,ostrovnoy,68.0531,39.5131,34.02,75,80,25.08,RU,1675807440
64,wau,7.7029,27.9953,77.43,16,10,5.86,SS,1675807441
65,alyangula,-13.8483,136.4192,83.32,70,100,3.94,AU,1675807441
66,xambioa,-6.4111,-48.5364,75.4,92,81,2.06,BR,1675807444
67,souillac,-20.5167,57.5167,80.98,74,40,13.8,MU,1675807446
68,avarua,-21.2078,-159.775,84.25,79,20,11.5,CK,1675807446
69,cabo san lucas,22.8909,-109.9124,80.62,55,20,5.75,MX,1675807424
70,songkhla,6.8333,100.6667,73.45,94,40,3.4,TH,1675807447
71,nikolskoye,59.7035,30.7861,30.09,89,99,10.16,RU,1675807447
72,hithadhoo,-0.6,73.0833,81.1,70,79,8.14,MV,1675807449
73,rikitea,-23.1203,-134.9692,78.82,74,84,12.12,PF,1675807451
74,nelson bay,-32.7167,152.15,79.0,73,29,7.0,AU,1675807452
75,mahebourg,-20.4081,57.7,80.89,74,40,13.8,MU,1675807366
76,cidreira,-30.1811,-50.2056,76.33,74,9,10.8,BR,1675807453
77,touros,-5.1989,-35.4608,79.99,68,62,16.28,BR,1675807453
78,havelock,34.8791,-76.9013,62.56,53,0,8.05,US,1675807454
79,moron,-34.6534,-58.6198,96.06,38,3,9.04,AR,1675807454
80,caravelas,-17.7125,-39.2481,78.12,83,0,8.5,BR,1675807454
81,basco,20.4487,121.9702,76.68,76,4,16.87,PH,1675807455
82,gimli,50.6336,-96.9907,21.22,79,50,14.97,CA,1675807353
83,new norfolk,-42.7826,147.0587,58.5,62,8,0.58,AU,1675807164
84,esperance,-33.8667,121.9,68.79,67,100,11.21,AU,1675807456
85,seymchan,62.8833,152.4333,-27.02,98,100,2.57,RU,1675807456
86,luderitz,-26.6481,15.1594,66.99,80,3,19.13,NA,1675807456
87,berezyne,46.2294,29.2022,24.42,79,10,12.59,UA,1675807457
88,cuenca,-2.8833,-78.9833,69.93,43,75,13.8,EC,1675807458
89,pacifica,37.6138,-122.4869,62.4,61,75,8.99,US,1675807241
90,qaqortoq,60.7167,-46.0333,-13.22,69,0,7.38,GL,1675807458
91,itum-kale,42.7356,45.5758,25.16,92,99,1.07,RU,1675807459
92,ushuaia,-54.8,-68.3,55.06,54,40,11.5,AR,1675807373
93,bubaque,11.2833,-15.8333,75.29,69,39,17.09,GW,1675807460
94,marawi,7.9986,124.2928,62.6,92,92,1.32,PH,1675807461
95,tasiilaq,65.6145,-37.6368,1.56,36,3,32.91,GL,1675807428
96,brookings,44.3114,-96.7984,37.18,78,0,10.36,US,1675807462
97,eydhafushi,5.1033,73.0708,80.58,70,29,8.88,MV,1675807462
98,karlskoga,59.3267,14.5239,38.71,90,100,9.8,SE,1675807462
99,hobyo,5.3505,48.5268,75.74,79,11,13.11,SO,1675807463
100,aksaray,38.3726,34.0254,17.76,93,100,4.94,TR,1675807464
101,padang,-0.9492,100.3543,71.65,69,99,3.8,ID,1675807464
102,ambon,-3.6954,128.1814,78.94,89,40,2.3,ID,1675807445
103,sao joao da barra,-21.6403,-41.0511,78.89,89,100,3.4,BR,1675807465
104,curico,-34.9833,-71.2333,89.71,31,0,3.44,CL,1675807466
105,flinders,-34.5833,150.8552,71.19,92,99,3.0,AU,1675807467
106,ouargaye,11.5033,0.0572,84.25,16,66,7.92,BF,1675807467
107,neya,58.2972,43.8681,6.67,95,89,7.07,RU,1675807468
108,lavrentiya,65.5833,-171.0,-13.05,88,100,3.53,RU,1675807470
109,vilyuysk,63.7553,121.6247,-37.59,99,100,0.56,RU,1675807471
110,mitu,1.1983,-70.1733,79.59,81,81,2.39,CO,1675807471
111,sungaipenuh,-2.0833,101.3833,62.89,62,97,2.15,ID,1675807473
112,castro,-24.7911,-50.0119,67.15,86,11,6.33,BR,1675807364
113,vaini,-21.2,-175.2,82.56,89,75,10.36,TO,1675807474
114,airai,-8.9266,125.4092,61.45,93,95,1.5,TL,1675807475
115,yulara,-25.2406,130.9889,80.13,26,0,5.26,AU,1675807391
116,dikson,73.5069,80.5464,-12.26,92,100,20.45,RU,1675807425
117,kurilsk,45.2333,147.8833,21.67,66,98,6.76,RU,1675807477
118,utica,43.1009,-75.2327,41.63,62,96,7.78,US,1675807206
119,san vicente,-26.6167,-54.1333,79.9,37,16,1.07,AR,1675807478
120,teya,60.3778,92.6267,9.57,97,100,2.15,RU,1675807479
121,yellowknife,62.456,-114.3525,-1.68,78,75,9.22,CA,1675807425
122,itoman,26.1247,127.6694,66.22,88,20,6.91,JP,1675807373
123,ancud,-41.8697,-73.8203,63.55,79,7,9.26,CL,1675807481
124,bredasdorp,-34.5322,20.0403,67.35,74,93,9.46,ZA,1675807483
125,svetlaya,46.5389,138.3297,8.76,84,7,5.14,RU,1675807483
126,huarmey,-10.0681,-78.1522,76.35,73,15,9.15,PE,1675807484
127,shakhunya,57.6758,46.6114,5.4,97,99,7.38,RU,1675807484
128,monrovia,6.3005,-10.7969,76.77,89,51,6.35,LR,1675807357
129,matagami,49.7502,-77.6328,23.11,93,100,11.5,CA,1675807465
130,poum,-20.2333,164.0167,80.91,79,96,8.43,NC,1675807485
131,tambo,-14.8,-73.9167,40.3,89,93,8.5,PE,1675807486
132,jamestown,42.097,-79.2353,49.01,70,100,11.99,US,1675807487
133,kempsey,-31.0833,152.8333,71.94,80,97,0.51,AU,1675807487
134,thongwa,16.7619,96.5278,73.56,45,35,6.08,MM,1675807488
135,ivolginsk,51.7492,107.2837,-14.4,84,20,2.24,RU,1675807488
136,pevek,69.7008,170.3133,-22.23,95,100,2.8,RU,1675807470
137,provideniya,64.3833,-173.3,-2.09,71,100,8.95,RU,1675807489
138,carbondale,37.7273,-89.2168,50.0,93,100,5.75,US,1675807313
139,vao,-22.6667,167.4833,79.39,71,45,11.16,NC,1675807489
140,karratha,-20.7377,116.8463,85.15,62,35,2.42,AU,1675807489
141,ranfurly,-45.1333,170.1,61.11,41,13,10.87,NZ,1675807490
142,anju,39.6178,125.6647,22.05,73,2,4.59,KP,1675807490
143,poltavka,54.3663,71.7632,5.52,97,100,4.16,RU,1675807491
144,zwedru,6.0667,-8.1281,73.13,93,90,3.02,LR,1675807491
145,ribeira grande,38.5167,-28.7,55.78,66,20,13.0,PT,1675807492
146,almeirim,-1.5233,-52.5817,77.72,87,74,2.66,BR,1675807492
147,bantry,51.6833,-9.45,45.79,89,94,4.0,IE,1675807493
148,vicente guerrero,19.1194,-98.1708,71.8,20,0,11.39,MX,1675807213
149,arraial do cabo,-22.9661,-42.0278,76.96,100,75,9.22,BR,1675807493
150,port elizabeth,-33.918,25.5701,71.1,90,0,6.91,ZA,1675807217
151,esmeraldas,-19.7625,-44.3139,74.44,85,63,1.66,BR,1675807494
152,karoi,-16.8099,29.6925,62.35,94,3,4.14,ZW,1675807494
153,cabedelo,-6.9811,-34.8339,79.47,67,90,11.48,BR,1675807495
154,araouane,18.9048,-3.5265,72.91,14,56,11.9,ML,1675807495
155,leningradskiy,69.3833,178.4167,-25.37,96,100,5.59,RU,1675807496
156,severo-kurilsk,50.6789,156.125,21.18,62,57,10.74,RU,1675807439
157,gushikawa,26.3544,127.8686,65.43,94,100,0.0,JP,1675807496
158,santa teresa,10.2341,-66.6631,81.41,64,93,6.42,VE,1675807497
159,buchanan,5.8808,-10.0467,78.12,91,56,4.54,LR,1675807497
160,ahuimanu,21.4447,-157.8378,80.31,82,40,12.66,US,1675807498
161,ballina,-28.8667,153.5667,70.02,97,100,5.28,AU,1675807499
162,ilulissat,69.2167,-51.1,-9.38,77,100,9.22,GL,1675807499
163,east london,-33.0153,27.9116,71.28,87,100,10.31,ZA,1675807499
164,tabou,4.423,-7.3528,79.65,86,100,6.96,CI,1675807500
165,ambilobe,-13.2,49.05,72.95,96,100,1.86,MG,1675807500
166,codrington,-38.2667,141.9667,59.88,73,72,10.47,AU,1675807501
167,joshimath,30.5667,79.5667,33.94,46,1,9.82,IN,1675807501
168,narsaq,60.9167,-46.05,-1.98,69,0,6.89,GL,1675807502
169,mayskiy,47.6931,40.1025,18.81,82,100,19.73,RU,1675807349
170,tautira,-17.7333,-149.15,79.61,67,0,6.08,PF,1675807505
171,la paz,-16.5,-68.15,51.78,81,75,10.36,BO,1675807507
172,verkhnevilyuysk,63.4453,120.3167,-43.6,100,100,2.01,RU,1675807509
173,kondinskoye,59.6481,67.41,-12.42,100,97,3.76,RU,1675807509
174,soyo,-6.1349,12.3689,79.99,83,68,8.37,AO,1675807481
175,torbay,47.6666,-52.7314,24.39,82,75,21.99,CA,1675807511
176,berlevag,70.8578,29.0864,35.6,75,0,36.82,NO,1675807512
177,avera,33.194,-82.5271,69.31,50,97,4.07,US,1675807515
178,byron bay,-28.65,153.6167,69.94,67,96,6.15,AU,1675807429
179,tyrma,50.0833,132.1667,-29.07,99,20,2.06,RU,1675807517
180,tromso,69.6496,18.957,37.42,56,20,12.66,NO,1675807517
181,yeppoon,-23.1333,150.7333,74.98,73,69,16.53,AU,1675807518
182,atar,20.5169,-13.0499,63.86,21,93,11.12,MR,1675807518
183,mercedes,-34.6515,-59.4307,94.86,15,1,7.9,AR,1675807519
184,lebu,-37.6167,-73.65,62.28,77,0,17.49,CL,1675807519
185,marabba,12.35,32.1833,72.46,17,4,18.48,SD,1675807523
186,kaithal,29.8,76.3833,50.68,40,0,7.67,IN,1675807528
187,barcelos,41.5388,-8.6151,49.84,75,1,5.3,PT,1675807265
188,suntar,62.1444,117.6319,-30.14,98,100,1.74,RU,1675807541
189,mount gambier,-37.8333,140.7667,58.69,74,5,9.4,AU,1675807336
190,tucupita,9.0622,-62.051,77.94,76,79,6.2,VE,1675807542
191,kavieng,-2.5744,150.7967,81.43,78,100,8.99,PG,1675807455
192,shache,38.4167,77.2406,29.21,65,0,7.29,CN,1675807542
193,sioux lookout,50.1001,-91.917,19.47,68,75,8.05,CA,1675807543
194,cayenne,4.9333,-52.3333,77.04,94,75,3.44,GF,1675807362
195,saint-philippe,-21.3585,55.7679,80.19,84,81,13.56,RE,1675807546
196,cortez,37.3489,-108.5859,38.16,43,0,3.44,US,1675807546
197,komsomolskiy,40.4272,71.7189,34.52,86,10,6.91,UZ,1675807547
198,kruisfontein,-34.0033,24.7314,68.88,80,99,1.77,ZA,1675807259
199,gornoye loo,43.7129,39.6049,38.98,86,100,13.27,RU,1675807547
200,norman wells,65.282,-126.8329,-9.36,70,75,3.44,CA,1675807548
201,alexander city,32.944,-85.9539,69.58,40,0,4.61,US,1675807548
202,hambantota,6.1241,81.1185,77.34,100,20,6.91,LK,1675807548
203,bitung,1.4451,125.1824,74.25,91,100,6.85,ID,1675807549
204,nabire,-3.3667,135.4833,74.48,91,100,3.15,ID,1675807549
205,sotouboua,8.5667,0.9833,86.04,40,100,1.72,TG,1675807550
206,pyaozerskiy,65.8333,31.1667,32.45,90,100,7.99,RU,1675807550
207,lagoa,39.05,-27.9833,55.99,59,84,17.2,PT,1675807551
208,appleton,44.2619,-88.4154,39.94,71,75,16.11,US,1675807419
209,la cruz,23.9167,-106.9,71.76,50,73,12.97,MX,1675807551
210,saskylakh,71.9167,114.0833,-30.08,100,99,1.52,RU,1675807551
211,kaihua,23.3687,104.28,55.47,89,70,8.68,CN,1675807552
212,lata,40.1629,-8.3327,43.07,77,3,3.91,PT,1675807552
213,chokurdakh,70.6333,147.9167,-36.99,99,99,4.07,RU,1675807553
214,vallenar,-28.5708,-70.7581,82.6,37,17,8.1,CL,1675807350
215,bilma,18.6853,12.9164,69.21,19,82,6.85,NE,1675807553
216,petauke,-14.2426,31.3253,66.25,94,79,4.21,ZM,1675807554
217,jawhar,2.7809,45.5005,74.16,82,19,12.48,SO,1675807554
218,troitskoye,52.9821,84.6757,13.62,97,100,4.03,RU,1675807555
219,jian,27.1172,114.9793,50.56,96,99,1.36,CN,1675807555
220,saint george,37.1041,-113.5841,54.25,33,0,1.01,US,1675807424
221,san ramon,37.7799,-121.978,60.93,58,0,4.61,US,1675807538
222,hami,42.8,93.45,33.06,53,100,4.65,CN,1675807556
223,okha,53.5739,142.9478,-13.25,92,100,5.88,RU,1675807556
224,kudahuvadhoo,2.6708,72.8944,80.44,74,48,8.5,MV,1675807556
225,uniontown,39.9001,-79.7164,61.14,63,100,9.91,US,1675807557
226,matamoros,25.5333,-103.25,80.71,18,75,4.61,MX,1675807475
227,hlukhiv,51.6782,33.9162,13.03,94,6,6.4,UA,1675807557
228,kasempa,-13.4584,25.8338,63.19,97,100,6.71,ZM,1675807558
229,taoudenni,22.6783,-3.9836,68.11,19,88,10.22,ML,1675807540
230,muros,42.7762,-9.0603,45.09,65,5,19.51,ES,1675807558
231,shingu,33.7333,135.9833,42.84,86,1,7.78,JP,1675807559
232,asau,46.4333,26.4,23.92,96,100,4.36,RO,1675807559
233,imeni babushkina,59.7573,43.1285,14.47,94,100,9.57,RU,1675807560
234,victoria,22.2855,114.1577,64.94,93,91,8.99,HK,1675807492
235,yarmolyntsi,49.1924,26.8373,17.26,94,8,7.83,UA,1675807560
236,nacala,-14.5428,40.6728,76.08,92,100,7.4,MZ,1675807561
237,santiago de cuba,20.0247,-75.8219,82.51,65,75,13.8,CU,1675807561
238,bani walid,31.7566,13.9942,50.36,66,100,14.76,LY,1675807562
239,marrakesh,31.6315,-8.0083,53.67,62,40,1.14,MA,1675807288
240,san patricio,28.017,-97.5169,78.75,71,98,20.87,US,1675807563
241,sitka,57.0531,-135.33,39.09,75,100,3.44,US,1675807564
242,lompoc,34.6391,-120.4579,72.7,51,1,11.99,US,1675807565
243,turbat,26.0023,63.044,66.36,41,1,1.45,PK,1675807362
244,bambous virieux,-20.3428,57.7575,80.85,74,40,13.8,MU,1675807567
245,cherskiy,68.75,161.3,-32.55,99,100,5.39,RU,1675807568
246,richards bay,-28.783,32.0377,74.07,95,59,4.88,ZA,1675807569
247,bima,-8.4667,118.7167,76.39,94,100,1.95,ID,1675807570
248,rosetta,31.4044,30.4164,54.41,62,84,16.55,EG,1675807571
249,abha,18.2164,42.5053,53.85,71,0,4.61,SA,1675807300
250,san carlos de bariloche,-41.1456,-71.3082,80.35,17,20,14.97,AR,1675807573
251,urusha,54.05,122.9,-18.29,96,100,1.97,RU,1675807573
252,quelimane,-17.8786,36.8883,76.33,94,99,4.88,MZ,1675807574
253,vardo,70.3705,31.1107,33.78,75,40,34.52,NO,1675807574
254,saint-dizier,48.4167,5.0833,26.2,61,10,7.72,FR,1675807575
255,saldanha,-33.0117,17.9442,64.45,88,37,21.81,ZA,1675807575
256,prince rupert,54.3161,-130.3201,42.49,80,75,25.32,CA,1675807576
257,talnakh,69.4865,88.3972,-9.44,98,99,6.51,RU,1675807577
258,bathsheba,13.2167,-59.5167,79.41,73,40,16.11,BB,1675807577
259,pouebo,-20.4,164.5667,81.1,79,94,2.15,NC,1675807578
260,salalah,17.0151,54.0924,69.89,43,0,3.44,OM,1675807579
261,waingapu,-9.6567,120.2641,78.04,87,98,8.41,ID,1675807579
262,warburton,31.55,73.8333,50.85,46,36,3.44,PK,1675807579
263,sayyan,15.1718,44.3244,54.81,48,3,2.06,YE,1675807580
264,acapulco,16.8634,-99.8901,84.02,65,20,14.97,MX,1675807580
265,sao filipe,14.8961,-24.4956,68.88,64,3,15.3,CV,1675807475
266,wladyslawowo,54.7909,18.4009,33.48,87,76,10.31,PL,1675807581
267,taltal,-25.4,-70.4833,72.93,74,62,6.85,CL,1675807429
268,beloha,-25.1667,45.05,73.35,85,100,6.2,MG,1675807581
269,andenes,69.3143,16.1194,39.18,60,40,24.16,NO,1675807582
270,hattiesburg,31.3271,-89.2903,66.13,95,100,8.05,US,1675807583
271,chiang kham,19.5233,100.3,62.73,43,13,1.36,TH,1675807583
272,chifeng,42.2683,118.9636,15.82,40,0,6.08,CN,1675807584
273,aykino,62.2248,49.9922,14.92,93,100,10.02,RU,1675807584
274,nhamunda,-2.1861,-56.7131,77.31,93,86,0.74,BR,1675807585
275,doembang nangbuat,14.8333,100.1,79.05,78,2,6.67,TH,1675807585
276,oum hadjer,13.2954,19.6966,74.23,17,61,11.9,TD,1675807586
277,thompson,55.7435,-97.8558,1.56,78,100,4.61,CA,1675807586
278,nago,26.5881,127.9761,65.25,82,16,9.08,JP,1675807586
279,kununurra,-15.7667,128.7333,75.18,88,3,0.0,AU,1675807587
280,port lincoln,-34.7333,135.8667,67.32,75,2,12.88,AU,1675807587
281,bilibino,68.0546,166.4372,-40.23,100,100,0.45,RU,1675807588
282,coos bay,43.3665,-124.2179,51.93,93,100,17.27,US,1675807588
283,makkaveyevo,51.7533,113.9454,-12.19,100,57,3.24,RU,1675807589
284,belyy yar,53.6039,91.3903,4.89,93,100,2.24,RU,1675807589
285,pisco,-13.7,-76.2167,80.65,65,0,20.71,PE,1675807590
286,kidal,18.4411,1.4078,78.89,12,99,11.65,ML,1675807591
287,mangan,27.5167,88.5333,52.21,86,100,3.89,IN,1675807592
288,lida,53.8833,25.2997,27.1,93,99,4.21,BY,1675807593
289,karbinci,41.8167,22.2375,24.44,68,0,2.1,MK,1675807593
290,kaitangata,-46.2817,169.8464,53.4,74,95,12.71,NZ,1675807337
291,zhezkazgan,47.8043,67.7144,1.38,85,75,6.71,KZ,1675807594
292,iqaluit,63.7506,-68.5145,-27.31,74,75,5.75,CA,1675807594
293,bonavista,48.6499,-53.1147,22.15,66,100,20.6,CA,1675807594
294,port blair,11.6667,92.75,78.84,78,40,2.3,IN,1675807595
295,moose factory,51.2585,-80.6094,24.8,79,100,19.57,CA,1675807595
296,namatanai,-3.6667,152.4333,80.4,81,100,5.95,PG,1675807596
297,sisimiut,66.9395,-53.6735,-13.04,98,90,2.62,GL,1675807596
298,maniitsoq,65.4167,-52.9,-1.68,90,98,9.51,GL,1675807597
299,folldal,62.1325,9.9968,21.61,98,100,4.74,NO,1675807598
300,egvekinot,66.3167,-179.1667,-22.49,87,98,9.35,RU,1675807598
301,bongandanga,1.5,21.05,79.59,30,74,0.47,CD,1675807599
302,wakkanai,45.4094,141.6739,24.57,68,100,13.38,JP,1675807599
303,huilong,31.8111,121.655,40.93,91,99,8.08,CN,1675807600
304,natal,-5.795,-35.2094,80.82,65,40,16.11,BR,1675807600
305,vysokogornyy,50.1167,139.15,-10.35,100,100,0.56,RU,1675807601
306,brokopondo,4.75,-55.1667,76.37,89,40,8.5,SR,1675807601
307,goderich,43.7501,-81.7165,37.72,87,100,10.36,CA,1675807491
308,roma,43.2128,-75.4557,42.82,60,100,9.22,US,1675807563
309,puerto baquerizo moreno,-0.9,-89.6,83.39,74,40,4.61,EC,1675807602
310,lufkin,31.3382,-94.7291,72.05,76,100,9.22,US,1675807602
311,wakefield,53.6809,-1.499,44.26,81,74,3.09,GB,1675807603
312,alta floresta,-9.8756,-56.0861,74.82,91,100,1.74,BR,1675807494
313,porto novo,6.4965,2.6036,80.15,80,89,7.76,BJ,1675807603
314,susanville,40.4163,-120.653,45.81,60,0,1.99,US,1675807604
315,ahipara,-35.1667,173.1667,69.58,61,97,7.27,NZ,1675807604
316,mizdah,31.4451,12.9801,47.79,66,100,19.95,LY,1675807604
317,ulaanbaatar,47.9077,106.8832,-20.07,69,5,2.24,MN,1675807397
318,tiksi,71.6872,128.8694,-25.82,99,100,3.96,RU,1675807605
319,san jeronimo,-11.9472,-75.2829,62.11,50,71,5.03,PE,1675807606
320,shaki,41.0833,47.1667,37.71,97,100,3.58,AZ,1675807606
321,kahului,20.8947,-156.47,80.96,76,40,25.32,US,1675807607
322,luganville,-15.5333,167.1667,80.76,74,100,2.26,VU,1675807607
323,arkhipo-osipovka,44.37,38.52,26.85,84,100,26.37,RU,1675807608
324,clyde river,70.4692,-68.5914,-27.24,96,98,3.2,CA,1675807601
325,voyvozh,62.892,54.9635,10.36,94,100,9.86,RU,1675807608
326,tukrah,32.5341,20.5791,52.79,69,100,13.09,LY,1675807609
327,ayame,5.6083,-3.1563,76.39,91,94,2.35,CI,1675807609
328,sambava,-14.2667,50.1667,75.31,89,81,7.56,MG,1675807609
329,dakar,14.6937,-17.4441,68.88,82,0,11.5,SN,1675807501
330,khandyga,62.6667,135.6,-51.61,100,100,2.42,RU,1675807610
331,marienburg,54.0359,19.0266,33.04,96,56,4.88,PL,1675807418
332,isangel,-19.55,169.2667,82.51,89,75,2.3,VU,1675807610
333,sola,-13.8833,167.55,82.11,77,100,15.01,VU,1675807611
334,ust-kachka,58.006,55.6725,-5.51,100,100,3.02,RU,1675807611
335,teluk nibung,3.001,99.8164,75.4,91,100,5.73,ID,1675807612
336,aguimes,27.9054,-15.4461,57.83,72,40,8.05,ES,1675807612
337,san antonio,29.4241,-98.4936,72.66,84,100,0.0,US,1675807376
338,tomatlan,19.9333,-105.25,83.8,48,57,9.75,MX,1675807612
339,svetlogorsk,52.6333,29.7333,11.89,97,39,2.93,BY,1675807613
340,pangnirtung,66.1451,-65.7125,-29.67,84,7,4.9,CA,1675807613
341,ocampo,21.65,-101.5,71.96,16,35,9.22,MX,1675807615
342,srednekolymsk,67.45,153.6833,-32.28,99,100,5.26,RU,1675807615
343,yura,-16.2522,-71.6797,57.94,84,79,9.17,PE,1675807615
344,mayor pablo lagerenza,-19.9309,-60.7718,83.61,60,77,5.19,PY,1675807616
345,mantua,45.1667,10.7833,33.04,80,4,1.99,IT,1675807431
346,singaparna,-7.3515,108.111,71.55,95,100,2.39,ID,1675807616
347,helena,46.5927,-112.0361,43.99,60,0,3.0,US,1675807617
348,prainha,-1.8,-53.48,76.1,93,83,2.82,BR,1675807617
349,husavik,66.0449,-17.3389,24.13,73,53,11.03,IS,1675807559
350,kodiak,57.79,-152.4072,29.71,55,0,17.27,US,1675807433
351,te anau,-45.4167,167.7167,49.75,80,69,7.38,NZ,1675807489
352,coquimbo,-29.9533,-71.3436,65.93,82,75,10.36,CL,1675807373
353,ust-ishim,57.6935,71.1665,-14.75,100,56,2.84,RU,1675807618
354,birr,53.0914,-7.9133,43.38,93,100,4.63,IE,1675807618
355,aquiraz,-3.9014,-38.3911,81.18,75,100,9.91,BR,1675807619
356,faanui,-16.4833,-151.75,80.35,75,29,11.1,PF,1675807619
357,yerofey pavlovich,53.9667,121.9667,-14.37,96,100,2.19,RU,1675807619
358,nikel,69.4128,30.222,32.18,84,31,19.77,RU,1675807620
359,kargasok,59.0556,80.8572,-1.25,98,93,6.06,RU,1675807487
360,hervey bay,-25.2986,152.8535,78.67,60,79,19.3,AU,1675807620
361,saint-joseph,-21.3667,55.6167,79.18,81,69,13.4,RE,1675807499
362,dudinka,69.4058,86.1778,-13.14,100,94,3.47,RU,1675807621
363,geraldton,-28.7667,114.6,66.61,88,100,9.22,AU,1675807622
364,kapuskasing,49.4169,-82.4331,30.78,87,100,11.36,CA,1675807622
365,la ronge,55.1001,-105.2842,33.78,75,36,14.47,CA,1675807623
366,mamit,23.9333,92.4833,49.66,76,0,3.47,IN,1675807624
367,dzaoudzi,-12.7887,45.2699,80.49,78,0,4.61,YT,1675807625
368,samarai,-10.6167,150.6667,80.42,81,100,10.56,PG,1675807625
369,sakakah,29.9697,40.2064,45.93,65,3,8.37,SA,1675807627
370,meulaboh,4.1363,96.1285,75.04,83,100,2.55,ID,1675807454
371,adjumani,3.3779,31.7909,76.69,28,7,1.39,UG,1675807627
372,diego de almagro,-26.3667,-70.05,79.38,32,59,10.65,CL,1675807568
373,amarante,-6.2411,-42.8547,76.21,88,98,2.73,BR,1675807628
374,sept-iles,50.2001,-66.3821,18.05,82,75,17.27,CA,1675807528
375,vila franca do campo,37.7167,-25.4333,55.81,82,79,12.91,PT,1675807416
376,honningsvag,70.9821,25.9704,35.35,69,40,28.77,NO,1675807629
377,safaga,26.7292,33.9365,58.39,44,100,15.39,EG,1675807629
378,alamor,-4.0181,-80.0197,66.6,87,63,3.98,EC,1675807630
379,burnie,-41.0667,145.9167,59.32,83,100,10.04,AU,1675807418
380,indramayu,-6.3264,108.32,77.5,87,100,10.54,ID,1675807630
381,mahanje,-9.9333,35.3333,65.59,92,100,3.31,TZ,1675807631
382,maputo,-25.9653,32.5892,74.84,92,11,3.38,MZ,1675807632
383,xiaoweizhai,26.1903,107.5125,43.7,97,100,2.3,CN,1675807632
384,coihaique,-45.5752,-72.0662,69.75,52,75,9.22,CL,1675807604
385,camacha,33.0833,-16.3333,56.62,72,75,11.5,PT,1675807478
386,saint augustine,29.8947,-81.3145,73.08,72,0,9.22,US,1675807633
387,tagusao,9.1924,117.8141,76.98,84,94,3.67,PH,1675807633
388,alice springs,-23.7,133.8833,74.75,83,5,0.0,AU,1675807401
389,the pas,53.8251,-101.2541,28.69,96,98,5.79,CA,1675807634
390,inhambane,-23.865,35.3833,77.94,88,2,7.96,MZ,1675807634
391,raglan,-37.8,174.8833,73.09,67,72,11.56,NZ,1675807635
392,nosy varika,-20.5833,48.5333,73.45,90,100,5.41,MG,1675807635
393,ovre ardal,61.3167,7.8,31.75,98,100,5.73,NO,1675807635
394,cotonou,6.3654,2.4183,80.71,82,76,11.05,BJ,1675807636
395,port hardy,50.6996,-127.4199,44.31,76,98,13.73,CA,1675807636
396,tongling,30.95,117.7833,46.22,83,100,9.35,CN,1675807637
397,gazanjyk,39.2446,55.5154,51.62,46,100,1.34,TM,1675807637
398,cam ranh,11.9214,109.1591,75.16,88,20,3.44,VN,1675807637
399,aklavik,68.2191,-135.0107,-20.2,69,100,2.3,CA,1675807365
400,damnagar,21.7,71.5167,69.71,38,0,6.76,IN,1675807638
401,albert lea,43.648,-93.3683,33.89,69,0,8.05,US,1675807638
402,chuguyevka,44.1653,133.8633,-3.87,97,40,3.31,RU,1675807639
403,birjand,32.8663,59.2211,47.52,76,20,8.79,IR,1675807639
404,bethel,41.3712,-73.414,37.49,63,0,6.91,US,1675807507
405,fukue,32.6881,128.8419,53.33,65,74,15.79,JP,1675807640
406,fortuna,40.5982,-124.1573,59.94,66,0,1.99,US,1675807641
407,horconcitos,8.4682,-81.8007,72.41,77,100,8.75,PA,1675807641
408,jatibonico,21.9419,-79.17,79.92,56,49,17.52,CU,1675807642
409,sal rei,16.1833,-22.9167,68.0,63,0,21.36,CV,1675807642
410,katobu,-4.9408,122.5276,75.09,90,91,1.14,ID,1675807643
411,megion,61.0296,76.1136,-20.18,99,57,7.9,RU,1675807643
412,san carlos,9.6612,-68.5827,85.03,50,100,4.7,VE,1675807643
413,mwinilunga,-11.7358,24.4293,59.95,98,100,4.25,ZM,1675807644
414,ketchikan,55.3422,-131.6461,39.18,87,100,4.61,US,1675807644
415,highland springs,37.546,-77.3278,58.3,51,100,6.91,US,1675807645
416,togur,58.3631,82.8265,4.93,97,98,4.56,RU,1675807645
417,barra do garcas,-15.89,-52.2567,79.81,74,41,0.58,BR,1675807645
418,aykhal,66.0,111.5,-37.46,100,100,3.33,RU,1675807638
419,maningrida,-12.0667,134.2667,78.48,86,100,5.99,AU,1675807649
420,pacific grove,36.6177,-121.9166,60.24,71,0,5.75,US,1675807650
421,sassandra,4.95,-6.0833,78.01,90,67,5.08,CI,1675807651
422,margate,51.3813,1.3862,35.31,64,9,4.68,GB,1675807652
423,yatou,37.15,122.3833,31.95,69,36,6.98,CN,1675807652
424,verkhnyaya inta,65.9811,60.3094,15.64,88,100,22.66,RU,1675807652
425,armidale,-30.5167,151.65,62.74,67,83,5.3,AU,1675807653
426,liverpool,53.4106,-2.9779,43.83,87,75,3.44,GB,1675807653
427,faya,18.3851,42.4509,52.32,82,38,4.36,SA,1675807654
428,kutum,14.2,24.6667,58.15,31,14,10.76,SD,1675807655
429,fillan,63.6064,8.9696,36.84,87,96,12.84,NO,1675807655
430,bergen,60.392,5.328,43.88,100,40,8.05,NO,1675807655
431,havoysund,70.9963,24.6622,35.83,82,69,27.63,NO,1675807498
432,constitucion,-35.3333,-72.4167,68.65,57,11,9.19,CL,1675807593
433,olafsvik,64.8945,-23.7142,26.62,73,100,29.95,IS,1675807605
434,obo,5.3998,26.4869,76.96,17,31,5.91,CF,1675807656
435,salmo,49.1999,-117.2689,41.07,86,100,5.3,CA,1675807656
436,labrea,-7.2586,-64.7981,79.0,88,91,2.15,BR,1675807657
437,doctor arroyo,23.6667,-100.1833,78.04,12,31,3.13,MX,1675807658
438,adrar,20.5022,-10.0711,62.83,20,92,11.56,MR,1675807658
439,isla mujeres,21.2311,-86.731,80.65,79,0,15.01,MX,1675807659
440,gao,16.6362,1.637,78.71,13,77,10.16,ML,1675807659
441,arlit,18.7369,7.3853,75.9,13,100,7.43,NE,1675807660
442,kirzhach,56.15,38.8667,-2.43,100,100,3.62,RU,1675807660
443,illela,13.7292,5.2975,75.99,11,99,9.86,NG,1675807660
444,lahij,13.1667,44.5833,70.32,64,11,3.6,YE,1675807661
445,ilhabela,-23.7781,-45.3581,76.48,88,95,5.08,BR,1675807628
446,plettenberg bay,-34.0527,23.3716,67.19,87,100,1.99,ZA,1675807661
447,mulchen,-37.7167,-72.2333,89.46,15,0,8.08,CL,1675807662
448,northam,51.0333,-4.2167,38.61,89,1,6.91,GB,1675807662
449,kathu,7.9178,98.3332,75.02,80,95,7.05,TH,1675807663
450,ayna,-12.65,-73.9167,68.52,72,58,2.98,PE,1675807663
451,les cayes,18.2,-73.75,79.95,66,20,9.71,HT,1675807663
452,abrud,46.2667,23.0667,17.11,92,99,3.11,RO,1675807664
453,biak,-0.9131,122.8766,76.12,82,100,4.16,ID,1675807664
454,chegem,43.2833,43.1333,10.11,95,100,2.57,RU,1675807664
455,usinsk,65.9939,57.5281,10.56,94,100,27.38,RU,1675807665
456,puerto colombia,10.9878,-74.9547,78.26,80,19,28.61,CO,1675807665
457,avesta,60.1455,16.1679,37.99,87,100,5.14,SE,1675807666
458,shipitsyno,61.2806,46.5208,18.21,94,100,9.64,RU,1675807666
459,lanzhou,36.0564,103.7922,29.52,85,100,6.6,CN,1675807667
460,khor,47.8861,134.9464,-15.09,96,25,7.29,RU,1675807667
461,flin flon,54.7682,-101.865,24.39,96,100,7.11,CA,1675807668
462,haines junction,60.7522,-137.5108,29.55,88,88,5.57,CA,1675807668
463,rize,40.9044,40.8949,12.52,96,100,4.54,TR,1675807669
464,kieta,-6.2167,155.6333,80.53,83,98,7.2,PG,1675807669
465,wattegama,6.7989,81.4808,71.53,94,99,4.16,LK,1675807670
466,buala,-8.145,159.5921,80.83,87,99,9.57,SB,1675807417
467,mandera,3.9366,41.867,83.1,30,3,4.74,KE,1675807658
468,caernarfon,53.1413,-4.2702,45.63,45,96,5.75,GB,1675807671
469,kilindoni,-7.9139,39.6668,81.66,78,100,14.56,TZ,1675807671
470,darhan,49.4867,105.9228,-9.8,98,9,4.83,MN,1675807672
471,talcahuano,-36.7167,-73.1167,73.08,46,0,13.8,CL,1675807672
472,nome,64.5011,-165.4064,-4.85,91,0,3.44,US,1675807422
473,little current,45.9793,-81.9248,36.41,80,100,8.01,CA,1675807673
474,grand-lahou,5.1367,-5.0242,78.93,89,46,7.78,CI,1675807673
475,vanavara,60.34,102.2797,-7.55,100,100,2.26,RU,1675807673
476,mount isa,-20.7333,139.5,82.17,74,75,5.75,AU,1675807674
477,bara,10.3744,10.7288,75.45,20,28,10.69,NG,1675807674
478,fairview,40.8126,-73.999,42.78,69,0,10.36,US,1675807675
479,edd,13.9297,41.6925,77.27,70,6,5.14,ER,1675807675
480,yongan,39.6957,113.6871,22.73,61,14,2.77,CN,1675807675
481,estelle,29.8458,-90.1067,79.0,64,75,11.5,US,1675807676
482,trairi,-3.2778,-39.2689,78.66,80,100,9.01,BR,1675807504
483,umm lajj,25.0213,37.2685,61.11,57,96,13.31,SA,1675807677
484,le port,-20.9373,55.2919,80.6,78,16,8.84,RE,1675807677
485,waitati,-45.75,170.5667,59.16,54,46,11.95,NZ,1675807678
486,saint-pierre,-21.3393,55.4781,80.28,78,75,10.36,RE,1675807678
487,kholm,59.2667,32.85,23.72,93,100,10.78,RU,1675807678
488,ouesso,1.6136,16.0517,79.12,39,98,3.47,CG,1675807679
489,ayorou,14.7308,0.9174,79.81,13,75,9.04,NE,1675807679
490,vanimo,-2.6741,141.3028,75.9,96,100,4.45,PG,1675807679
491,chatellerault,46.8,0.5333,34.52,53,2,7.25,FR,1675807680
492,tilichiki,60.4667,166.1,-26.77,92,42,9.6,RU,1675807680
493,leshukonskoye,64.8989,45.7622,27.5,94,100,10.83,RU,1675807681
494,shenjiamen,29.9576,122.298,47.16,76,100,11.65,CN,1675807681
495,ovruch,51.3246,28.8035,16.48,97,12,3.44,UA,1675807682
496,san jose,37.3394,-121.895,63.48,49,100,5.75,US,1675807543
497,simao,22.7886,100.9748,47.28,49,3,1.14,CN,1675807682
498,san juan de uraba,8.7592,-76.5297,82.6,76,74,10.38,CO,1675807683
499,marathon,44.9,-89.7668,36.64,71,20,14.97,US,1675807683
500,marsa matruh,31.3525,27.2453,51.91,74,89,9.86,EG,1675807684
501,dandong,40.1292,124.3947,24.39,49,0,6.89,CN,1675807685
502,rutul,41.5357,47.4239,24.21,89,67,2.95,RU,1675807685
503,baykit,61.67,96.37,4.08,98,100,1.77,RU,1675807686
504,jawa,31.8525,35.9393,35.91,87,100,14.97,JO,1675807686
505,pavlodar,52.3,76.95,-6.0,77,75,4.47,KZ,1675807688
506,aksarka,66.5606,67.7975,-0.69,90,100,16.44,RU,1675807689
507,carolina,18.3808,-65.9574,79.75,82,75,16.11,PR,1675807529
508,lashio,22.9333,97.75,45.95,56,0,1.7,MM,1675807689
509,am timan,11.0297,20.2827,80.02,14,6,7.58,TD,1675807690
510,eureka,40.8021,-124.1637,61.66,64,63,1.99,US,1675807630
511,parabel,58.6978,81.4825,-1.12,99,96,5.82,RU,1675807690
512,san cristobal,7.7669,-72.225,79.56,47,29,3.67,VE,1675807691
513,tura,25.5198,90.2201,57.61,52,6,3.49,IN,1675807691
514,riyadh,24.6877,46.7219,57.34,36,80,8.14,SA,1675807468
515,sibiti,-3.6819,13.3499,68.97,98,98,1.54,CG,1675807692
516,brae,60.3964,-1.353,43.92,76,28,30.8,GB,1675807693
517,dicabisagan,17.0818,122.4157,73.92,91,47,1.72,PH,1675807693
518,gat,31.61,34.7642,50.68,100,83,21.97,IL,1675807684
519,kaoma,-14.7833,24.8,64.42,98,100,5.39,ZM,1675807694
520,celestun,20.8667,-90.4,82.36,62,1,10.09,MX,1675807694
521,hyeres,43.1167,6.1167,43.74,67,0,6.91,FR,1675807694
522,jalu,29.0331,21.5482,52.48,52,100,7.87,LY,1675807695
523,aktash,50.3,87.7333,-10.59,90,73,5.1,RU,1675807696
524,eirunepe,-6.6603,-69.8736,79.54,88,63,0.87,BR,1675807696
525,nhulunbuy,-12.2333,136.7667,79.41,94,40,0.0,AU,1675807696
526,grand gaube,-20.0064,57.6608,76.37,83,21,7.0,MU,1675807697
527,bundaberg,-24.85,152.35,81.21,71,44,1.99,AU,1675807555
528,marzuq,14.4,46.4667,62.98,57,10,5.23,YE,1675807698
529,villa bruzual,9.3328,-69.1208,88.3,41,98,2.21,VE,1675807698
530,puerto madryn,-42.7692,-65.0385,74.39,41,42,18.37,AR,1675807699
531,antalaha,-14.9003,50.2788,73.98,91,91,5.88,MG,1675807700
532,teshie,5.5836,-0.1072,81.14,80,54,8.95,GH,1675807700
533,lewisporte,49.2499,-55.0482,13.55,82,91,6.33,CA,1675807701
534,pakokku,21.3333,95.1,64.65,44,0,4.18,MM,1675807701
535,conceicao do araguaia,-8.2578,-49.2647,76.39,89,98,2.95,BR,1675807548
536,ust-omchug,61.15,149.6333,-40.41,99,80,3.18,RU,1675807702
537,ekhabi,53.5102,142.9671,-13.2,93,100,5.73,RU,1675807702
538,nishihara,26.1842,127.7558,65.48,91,75,6.91,JP,1675807702
539,liaqatabad,31.5647,74.3029,51.96,76,20,0.0,PK,1675807703
540,bage,-31.3314,-54.1069,89.38,35,0,11.5,BR,1675807703
541,canutama,-6.5339,-64.3831,79.14,87,70,1.45,BR,1675807704
542,itaocara,-21.6692,-42.0761,75.9,92,100,4.45,BR,1675807656
543,gigmoto,13.7796,124.39,77.45,84,100,10.07,PH,1675807706
544,keti bandar,24.1447,67.4497,70.32,65,3,8.95,PK,1675807707
545,bondo,3.8146,23.6866,72.34,29,25,2.91,CD,1675807707
546,atambua,-9.1061,124.8925,74.12,88,71,0.65,ID,1675807708
547,orsha,54.5153,30.4053,6.13,98,64,4.79,BY,1675807708
548,naze,28.3667,129.4833,61.3,70,77,12.28,JP,1675807709
549,berdigestyakh,62.0989,126.6992,-42.09,100,100,1.19,RU,1675807709
550,kendallville,41.4414,-85.265,48.49,81,75,16.11,US,1675807710
551,lima,-12.0432,-77.0282,77.25,69,40,14.97,PE,1675807710
552,taguatinga,-12.3857,-46.5711,79.88,59,75,2.57,BR,1675807710
553,dickinson,29.4608,-95.0513,74.12,82,100,12.66,US,1675807664
554,jacmel,18.2342,-72.5347,84.04,63,12,4.41,HT,1675807711
555,pokhara,28.2333,83.9833,53.56,63,83,5.44,NP,1675807711
556,murud,18.3258,72.965,70.07,66,13,3.24,IN,1675807712
557,ishigaki,24.3448,124.1572,69.44,78,100,16.89,JP,1675807712
558,koutsouras,35.0339,25.9469,45.1,72,42,29.73,GR,1675807712
